{"templateName":"Smoke Test","code":{"code":"class MyPanel extends Comet.Panel {\n  setup() {\n    this.options = {\n      // Your default options here:\n      metrics: ['acc'],\n      xaxis: 'steps', // 'steps', 'epochs', 'timestamps', or 'durations'\n      parameters: [],\n      layout: {\n        showlegend: true,\n        legend: {\n          orientation: 'h'\n        },\n        title: {\n          text: 'My Panel Title'\n        }\n      }\n    };\n  }\n\n  async draw(experimentKeys, projectId) {\n    // Your code here:\n    Plotly.newPlot(this.id, [], this.options.layout);\n\n    const results = await this.api.experimentMetricsForChart(\n      experimentKeys,\n      this.options.metrics,\n      this.options.parameters\n    );\n\n    Object.keys(results).forEach(async experimentKey => {\n      const name = await this.api.experimentName(experimentKey);\n\n      results[experimentKey].metrics.forEach(result => {\n        const data = {\n          y: result.values,\n          x: result[this.options.xaxis]\n        };\n\n        if (this.options.metrics.length == 1) {\n          data.line = {\n            color: this.getColor(experimentKey)\n          };\n          data.name = name;\n        } else {\n          data.name = `${name} ${result.metricName}`;\n        }\n\n        Plotly.addTraces(this.id, data);\n      });\n    });\n  }\n}\n","css":"#chart-mount {\n  display: flex;\n  align-items: center;\n  justify-content: center;\n  height: 100%;\n  flex-direction: column;\n}\n","description":"This is a Python Panel to test to make sure the Python Environment is up and working.","html":"<div id=\"chart-mount\"></div>","defaultConfig":"","internalResources":[],"userResources":[],"pyCode":"from comet_ml import API, ui\nimport os\n\nprint(\"1. Trying **to import** additional packages...\")\ntry:\n    import st_audio_spectrogram\n    print(\":white_check_mark: Pass!\")\nexcept ImportError:\n    print(\":x: Failed! Not a current compute-engine image.\")\n    \nprint(\"2. Trying **to install** and **import** additional packages...\")\nos.system(\"pip install snowflake-connector-python\")\ntry:\n    import snowflake.connector\n    print(\":white_check_mark: Pass!\")\nexcept ImportError:\n    print(\":x: Failed! Not a current compute-engine image.\")\n\nprint(\"2. Test number of experiments in this project...\")\napi = API()\ncount = api.get_panel_experiments()\nprint(f\"There are {len(count)} experiments in this project. Is this correct?\")\n    \nprint(\"3. You should see a nice message below, not a stack trace:\")\n\napi = API(\"645645\")\napi.get_workspaces()\n\n","type":"py","pyConfig":"{\"title\":\"Matplotlib Chart\",\"xlabel\":\"steps\",\"ylabel\":\"values\",\"metrics\":[\"loss\"]}"},"createdAt":1724685729385,"thumbnailName":"template-thumbnail-80r0n6bwgRzSzZhVQhi8QVPYC","editable":false}